cohort_year,avg_sip_amount,total_invested,num_investors,num_transactions
2024,107422.54183205638,3491125187,4803,32499
2025,109158.5770609319,30455243,197,279
